j1,j2,j3,j4,si,sf,time
0.0,0.6108652381980153,0.0,0,0.0,0.0,0.0
0.0,0.6108652381980153,0.6981317007977318,0,0.0,0.0,2.0
