j1,j2,j3,j4,si,sf,time
1.2037062152420224e-35,-0.44379837021783186,-0.624064717129624,0.0,0.0,0.0,0.0
1.2037062152420224e-35,-0.44379837021783186,-0.624064717129624,0.0,0.0,0.0,2.0
-2.544083075351651e-25,-0.639579633443791,-0.5721319954166676,0.0,0.0,0.0,4.0
-2.544083075351651e-25,-0.639579633443791,-0.5721319954166676,0.0,0.0,0.0,6.0
-0.07334191370000825,-0.6215025238284391,-0.6106717027170369,-30.0,0.0,0.0,8.0
-0.07334191370000825,-0.6215025238284391,-0.6106717027170369,-30.0,0.0,0.0,10.0
0.9389490524567035,0.0766291769692928,-0.6106717027170369,-30.0,0.0,0.0,12.0
0.9389490524567028,-0.7670365456723269,-0.4183017628402245,-30.0,0.0,0.0,14.0
0.9389490524567028,-0.7670365456723269,-0.4183017628402245,-30.0,0.0,0.0,16.0
0.9389490524567028,-0.7670365456723269,-0.4183017628402245,0.0,0.0,0.0,18.0
0.9389490524567028,-0.7670365456723269,-0.4183017628402245,0.0,0.0,0.0,20.0
0.9389490524567028,-0.06890484487459486,-0.4183017628402245,0.0,0.0,0.0,22.0
-0.21296825385955517,-0.06890484487459486,-0.4183017628402245,0.0,0.0,0.0,24.0
-0.21296825385955517,-0.06890484487459486,-0.4183017628402245,10.0,0.0,0.0,26.0
-0.03582674668635194,-1.1205571272554298,-0.26252011700093814,10.0,0.0,0.0,28.0
-0.03582674668635194,-1.1205571272554298,-0.26252011700093814,10.0,0.0,0.0,30.0
-0.0009201616464653153,-1.0317474281240937,-0.32224863855852914,-22.0,0.0,0.0,32.0
-0.0009201616464653153,-1.0317474281240937,-0.32224863855852914,-22.0,0.0,0.0,34.0
-0.0009201616464653153,-0.12417621708704168,-0.32224863855852914,-22.0,0.0,0.0,36.0
0.9066510493905865,-0.5081486525257941,-0.5665947338377353,-22.0,0.0,0.0,38.0
0.9066510493905865,-0.5081486525257941,-0.5665947338377353,-22.0,0.0,0.0,40.0
0.9066510493905865,-0.5081486525257941,-0.5665947338377353,-22.0,0.0,0.0,42.0
0.9066510493905865,-0.5081486525257941,-0.5665947338377353,0.0,0.0,0.0,44.0
0.9066510493905865,-0.5081486525257941,-0.5665947338377353,0.0,0.0,0.0,46.0
0.9066510493905865,-0.3685223123662478,-0.5665947338377353,0.0,0.0,0.0,48.0
-2.220446049250313e-16,0.0,0.0,0.0,0.0,0.0,50.0
